iteration,fitness,precision,fscore,itime
0,0.9981767272253695,0.03061934585942938,0.05941608689874476,11306
1,0.9917084500010853,0.25268817204301075,0.40275421998293054,614
2,0.9917084500010853,0.25268817204301075,0.40275421998293054,25
3,0.9917084500010853,0.25268817204301075,0.40275421998293054,32
